{
	"info": {
		"_postman_id": "ee3fc224-d56b-41f5-a9f9-d9ca5acb5221",
		"name": "Category",
		"schema": "https://schema.getpostman.com/json/collection/v2.1.0/collection.json"
	},
	"item": [
		{
			"name": "ListCategories",
			"request": {
				"method": "GET",
				"header": [],
				"url": {
					"raw": "http://localhost:8080/ListCategories",
					"protocol": "http",
					"host": [
						"localhost"
					],
					"port": "8080",
					"path": [
						"ListCategories"
					]
				}
			},
			"response": []
		},
		{
			"name": "ReadCategories",
			"request": {
				"method": "GET",
				"header": [],
				"url": {
					"raw": "http://localhost:8080/ReadCategories/2",
					"protocol": "http",
					"host": [
						"localhost"
					],
					"port": "8080",
					"path": [
						"ReadCategories",
						"2"
					]
				}
			},
			"response": []
		},
		{
			"name": "CreateCategories",
			"request": {
				"method": "POST",
				"header": [],
				"body": {
					"mode": "raw",
					"raw": "{\n    \"category_id\": 2,\n    \"category\": \"Celulares\",\n    \"acronym\": \"Cel\"\n}",
					"options": {
						"raw": {
							"language": "json"
						}
					}
				},
				"url": {
					"raw": "http://localhost:8080/CreateCategories",
					"protocol": "http",
					"host": [
						"localhost"
					],
					"port": "8080",
					"path": [
						"CreateCategories"
					]
				}
			},
			"response": []
		},
		{
			"name": "UpdateCategories",
			"request": {
				"method": "PUT",
				"header": [],
				"body": {
					"mode": "raw",
					"raw": "{\n    \"category_id\": 2,\n    \"category\": \"Abarrotes\",\n    \"acronym\": \"Abrtos\"\n}",
					"options": {
						"raw": {
							"language": "json"
						}
					}
				},
				"url": {
					"raw": "http://localhost:8080/UpdateCategories/2",
					"protocol": "http",
					"host": [
						"localhost"
					],
					"port": "8080",
					"path": [
						"UpdateCategories",
						"2"
					]
				}
			},
			"response": []
		},
		{
			"name": "DeleteCategories",
			"request": {
				"method": "DELETE",
				"header": [],
				"url": {
					"raw": "http://localhost:8080/DeleteCategories/2",
					"protocol": "http",
					"host": [
						"localhost"
					],
					"port": "8080",
					"path": [
						"DeleteCategories",
						"2"
					]
				}
			},
			"response": []
		}
	]
}